Number of pixels, GPU time
1, 0.0013474240
250000, 0.2800179749
1000000, 0.8489053955
2250000, 1.7963548584
4000000, 3.0699150391
6250000, 4.6910673828
9000000, 6.6194116211
12250000, 8.9145068359
16000000, 11.5064121094
20250000, 14.4418779297
25000000, 17.6691054688
30250000, 21.2835585938
36000000, 25.1688828125
42250000, 29.4124394531
49000000, 33.9627187500
56250000, 38.8873710937
