Number of pixels, CPU time
1, 0.0000870000
251001, 19.7154320000
1002001, 78.6953800000
2253001, 176.9501180000
4004001, 314.4562310000
6255001, 491.2183640000
9006001, 707.2628380000
12257001, 962.5402810000
16008001, 1257.1199240000
20259001, 1590.9232780000
25010001, 1964.0456480000
30261001, 2376.3917540000
36012001, 2827.9415210000
42263001, 3318.8445120000
