Number of pixels, CPU time
36000000, 3112.3175570000
42250000, 3652.6216830000
49000000, 4236.1185200000
